img74.jpg,63,158,283,400,car
img74.jpg,250,174,307,236,car
img74.jpg,316,195,351,220,car
img74.jpg,398,222,415,344,car
img109.jpg,0,194,52,281,car
img109.jpg,50,177,212,379,car
img109.jpg,194,213,233,245,car
img109.jpg,239,210,264,237,car
img109.jpg,261,202,304,238,car
img109.jpg,300,207,326,232,car
img109.jpg,333,210,354,230,car
img8.jpg,356,202,415,348,car
img8.jpg,148,190,162,209,car
img8.jpg,149,193,162,209,car
img8.jpg,167,187,195,220,car
img8.jpg,197,192,207,208,car
img8.jpg,221,193,237,211,car
img16.jpg,86,181,173,241,car
img16.jpg,86,182,176,242,car
img16.jpg,249,190,272,211,car
img16.jpg,348,197,366,216,car
img54.jpg,166,164,246,223,car
img54.jpg,237,171,338,239,car
img32.jpg,47,205,107,273,car
img11.jpg,53,201,82,237,car
img11.jpg,92,204,129,244,car
img11.jpg,133,209,151,230,car
img11.jpg,159,207,174,228,car
img11.jpg,314,192,395,244,car
img25.jpg,71,212,100,245,car
img25.jpg,74,215,100,238,car
img25.jpg,95,219,116,245,car
img25.jpg,111,206,146,248,car
img25.jpg,115,205,144,245,car
img25.jpg,168,208,188,238,car
img25.jpg,263,195,346,255,car
img25.jpg,266,206,343,250,car
img51.jpg,71,163,282,388,car
img51.jpg,292,189,358,225,car
img51.jpg,399,228,415,335,car
img23.jpg,71,162,283,391,car
img23.jpg,267,191,294,218,car
img23.jpg,318,193,353,218,car
img23.jpg,399,228,415,335,car
img117.jpg,241,182,303,231,car
img117.jpg,81,196,124,250,car
img117.jpg,151,203,181,244,car
img117.jpg,192,203,214,230,car
img10.jpg,146,194,195,262,car
img195.jpg,239,205,274,240,car
img195.jpg,149,211,192,250,car
img195.jpg,188,190,249,265,car
img195.jpg,276,207,307,234,car
img195.jpg,308,200,330,232,car
img195.jpg,332,196,373,245,car
img195.jpg,401,203,415,220,car
img92.jpg,160,215,182,245,car
img82.jpg,0,205,37,251,car
img82.jpg,168,198,198,238,car
img82.jpg,204,203,218,220,car
img82.jpg,251,187,285,212,car
img82.jpg,251,200,325,275,car
img113.jpg,1,203,32,269,car
img113.jpg,373,172,416,325,car
img113.jpg,320,184,407,284,car
img113.jpg,28,187,79,263,car
img113.jpg,75,189,105,247,car
img113.jpg,127,197,153,231,car
img113.jpg,149,194,161,224,car
img113.jpg,248,181,267,234,car
img113.jpg,259,172,330,257,car
